16.34,14.75,15.84,18.93,46.53,46.13,43.75,1006.14,1010.21,59.48,25.33,,0
16.39,14.74,15.86,18.93,46.48,46.25,43.88,1006.12,1010.14,59.65,25.91,,0
16.37,14.76,15.91,18.93,46.52,46.7,44.11,1006.1,1010.19,59.81,25.47,,0
16.4,14.76,15.96,18.92,46.68,47.17,44.18,1006.12,1010.15,59.65,25.88,,0
16.37,14.75,16.01,18.95,46.84,47.13,44.22,1006.12,1010.19,59.65,25.48,,0
16.36,14.75,16.05,18.96,46.95,47.05,44.26,1006.12,1010.12,59.65,26.07,,0
16.37,14.76,16.08,18.96,47.01,46.89,44.29,1006.1,1010.15,59.81,25.86,,0
16.33,14.74,16.11,18.9,47.02,47.21,44.3,1006.14,1010.08,59.48,26.43,,0
16.29,14.73,16.12,18.87,47.08,46.81,44.33,1006.1,1010.03,59.81,26.87,,0
16.27,14.73,16.13,18.89,47.03,47.18,44.35,1006.1,1010.08,59.81,26.39,,0
16.2,14.7,16.14,18.87,47.08,47.16,44.36,1006.1,1010.12,59.81,26.08,,0
16.19,14.71,16.15,18.83,47.1,46.18,44.38,1006.1,1010.14,59.81,25.89,,0
16.15,14.71,16.15,18.85,46.86,46.1,44.38,1006.1,1010.1,59.81,26.27,,0
16.12,14.7,16.15,18.84,46.65,47.25,44.36,1006.1,1010.08,59.81,26.42,,0
16.12,14.71,16.15,18.85,46.63,47.79,44.32,1006.08,1010.13,59.98,26.04,,0
16.12,14.71,16.16,18.84,46.71,47.99,44.31,1006.1,1010.06,59.81,26.59,,0
16.13,14.71,16.17,18.83,47.03,48.78,44.3,1006.08,1010.04,59.98,26.79,,0
16.12,14.72,16.18,18.85,47.26,49.42,44.32,1006.06,1010.12,60.15,26.07,,0
16.1,14.72,16.19,18.86,47.48,49.94,44.36,1006.08,1010.11,59.98,26.13,,0
16.13,14.72,16.21,18.86,47.59,50.42,44.43,1006.08,1010.1,59.98,26.21,,0
16.13,14.71,16.23,18.88,47.83,49.68,44.5,1006.1,1010.15,59.81,25.86,,0
16.13,14.69,16.25,18.85,47.9,48.91,44.57,1006.08,1010.13,59.98,26,,0
16.13,14.67,16.28,18.87,47.82,48.21,44.65,1006.08,1010.13,59.98,26.04,,0
16.15,14.68,16.3,18.84,47.53,47.45,44.68,1006.1,1010.13,59.81,26,,0
16.16,14.66,16.31,18.86,47.27,47.44,44.69,1006.06,1010.11,60.15,26.18,,0
16.15,14.66,16.34,18.87,47.07,47.44,44.65,1006.06,1010.09,60.15,26.32,,0
16.16,14.62,16.35,18.85,46.97,47.86,44.6,1006.08,1010.12,59.98,26.13,,0
16.15,14.6,16.37,18.88,47.12,49.18,44.56,1006.1,1010.12,59.81,26.12,,0
16.16,14.57,16.38,18.88,47.42,49.31,44.53,1006.1,1010.1,59.81,26.29,,0
16.17,14.55,16.39,18.88,47.73,49,44.52,1006.1,1010.11,59.81,26.14,,0
16.17,14.56,16.4,18.89,47.86,48.83,44.54,1006.1,1010.16,59.81,25.79,,0
16.17,14.53,16.41,18.89,47.95,48.83,44.56,1006.08,1010.1,59.98,26.29,,0
16.2,14.5,16.41,18.87,47.99,48.69,44.56,1006.1,1010.14,59.81,25.92,,0
16.16,14.49,16.42,18.89,48.02,48.07,44.56,1006.1,1010.14,59.81,25.92,,0
16.2,14.45,16.43,18.9,47.91,47.34,44.53,1006.08,1010.12,59.98,26.09,,0
16.17,14.47,16.44,18.91,47.76,47.19,44.49,1006.1,1010.1,59.81,26.27,,0
16.19,14.49,16.45,18.9,47.63,48.1,44.42,1006.08,1010.15,59.98,25.85,,0
16.17,14.52,16.46,18.86,47.47,48.22,44.34,1006.08,1010.15,59.98,25.87,,0
16.17,14.52,16.47,18.86,47.12,47.49,44.27,1006.08,1010.13,59.98,26.04,,0
16.19,14.52,16.47,18.87,46.93,47.09,44.18,1006.06,1010.1,60.15,26.28,,0
16.19,14.52,16.46,18.87,46.78,47.18,44.09,1006.08,1010.09,59.98,26.3,,0
16.16,14.51,16.46,18.87,46.82,47.9,44,1006.08,1010.07,59.98,26.54,,0
16.13,14.52,16.46,18.85,47.03,48.29,43.96,1006.06,1010.1,60.15,26.21,,0
16.13,14.52,16.46,18.83,47.18,48.07,43.93,1006.06,1010.11,60.15,26.16,,0
16.12,14.51,16.45,18.81,47.26,48.41,43.91,1006.06,1010.11,60.15,26.16,,0
16.1,14.52,16.44,18.82,47.48,48.59,43.92,1006.08,1010.07,59.98,26.47,,0
16.06,14.5,16.43,18.78,47.71,49.05,43.95,1006.08,1010.14,59.98,25.96,,0
16.03,14.49,16.41,18.8,48.06,49.96,44,1006.06,1010.17,60.15,25.63,,0
16.06,14.51,16.39,18.8,48.5,51.11,44.06,1006.08,1010.09,59.98,26.31,,0
16.06,14.51,16.37,18.81,48.97,51.59,44.19,1006.08,1010.09,59.98,26.36,,0
16.05,14.51,16.35,18.78,49.35,51.59,44.35,1006.04,1010.08,60.32,26.39,,0
16.06,14.53,16.34,18.78,49.64,51.77,44.51,1006.08,1010.08,59.98,26.39,,0
16.01,14.51,16.33,18.74,49.97,52.17,44.68,1006.06,1010.05,60.15,26.64,,0
15.99,14.5,16.32,18.76,50.28,51.18,44.86,1006.08,1010.13,59.98,26.01,,0
15.98,14.48,16.3,18.76,50.2,50.5,45.02,1006.06,1010.08,60.15,26.39,,0
15.93,14.5,16.3,18.74,50.13,51.43,45.15,1006.06,1010.09,60.15,26.31,,0
15.91,14.48,16.29,18.74,50.33,51.91,45.25,1006.04,1010.08,60.32,26.39,,0
15.91,14.45,16.29,18.72,50.46,51.44,45.36,1006.06,1010.06,60.15,26.62,,0
15.86,14.45,16.28,18.71,50.42,50.82,45.48,1006.04,1010.11,60.32,26.15,,0
15.81,14.44,16.27,18.66,50.22,50.07,45.51,1006.04,1010.11,60.32,26.19,,0
15.75,14.41,16.26,18.68,50,49.08,45.63,1006.06,1010.15,60.15,25.85,,0
15.78,14.43,16.25,18.67,49.63,47.78,45.69,1006.06,1010.04,60.15,26.73,,0
15.81,14.41,16.24,18.67,49.04,46.86,45.63,1006.06,1010.08,60.15,26.42,,0
15.78,14.39,16.24,18.66,48.52,46.41,45.55,1006.02,1010.08,60.48,26.45,,0
15.79,14.4,16.24,18.66,48.08,46.07,45.44,1006.02,1010.05,60.48,26.69,,0
15.79,14.41,16.23,18.63,47.67,45.82,45.31,1006.04,1010.04,60.32,26.72,,0
15.79,14.41,16.23,18.65,47.29,45.64,45.15,1006.02,1010.04,60.48,26.78,,0
15.79,14.42,16.24,18.65,47.01,45.54,45.01,1006.02,1010.06,60.48,26.59,,0
15.82,14.42,16.25,18.64,46.67,45.45,44.84,1006.04,1010.02,60.32,26.89,,0
15.85,14.42,16.25,18.65,46.41,45.36,44.67,1006.02,1010.06,60.48,26.58,,0
15.84,14.41,16.26,18.65,46.29,45.47,44.54,1006.04,1010.05,60.32,26.7,,0
15.82,14.44,16.27,18.62,46.19,45.79,44.29,1006.02,1010.02,60.48,26.94,,0
15.82,14.41,16.27,18.62,46.16,46.14,44.23,1006.02,1009.97,60.48,27.38,,0
15.84,14.41,16.28,18.64,46.19,46.02,44.09,1006.04,1010.03,60.32,26.86,,0
15.82,14.4,16.28,18.62,46.18,45.79,44,1006.02,1010.06,60.48,26.55,,0
15.84,14.4,16.29,18.62,46.07,45.69,43.94,1006.02,1010.01,60.48,26.96,,0
15.81,14.39,16.29,18.57,45.97,45.64,43.89,1006,1010.01,60.65,27.01,,0
15.78,14.38,16.29,18.58,45.98,45.59,43.79,1006,1009.98,60.65,27.22,,0
15.79,14.39,16.28,18.58,45.92,45.52,43.64,1006.02,1009.98,60.48,27.25,,0
15.78,14.4,16.28,18.58,45.85,45.56,43.49,1006,1010.01,60.65,27,,1
15.78,14.39,16.28,18.58,45.76,45.61,43.45,1006,1010.04,60.65,26.71,,1
15.81,14.38,16.28,18.59,45.73,45.77,43.38,1006.02,1010,60.48,27.08,,1
15.77,14.37,16.28,18.58,45.81,45.87,43.32,1006.02,1009.99,60.48,27.18,,1
15.77,14.34,16.28,18.56,45.82,45.6,43.24,1006.02,1009.95,60.48,27.52,,1
15.77,14.36,16.27,18.55,45.78,45.23,43.21,1006,1010,60.65,27.12,,1
15.75,14.34,16.27,18.52,45.69,44.98,43.16,1006.02,1009.98,60.48,27.29,,1
15.77,14.34,16.26,18.54,45.54,44.97,43.08,1006.02,1009.99,60.48,27.15,,1
15.77,14.34,16.26,18.56,45.48,44.88,43.01,1006,1009.98,60.65,27.26,,1
15.73,14.32,16.25,18.53,45.41,44.83,42.94,1006,1010.01,60.65,27.03,,1
15.73,14.32,16.24,18.52,45.27,44.86,42.85,1006.02,1009.95,60.48,27.49,,1
15.72,14.34,16.24,18.51,45.27,44.92,42.78,1006,1010.02,60.65,26.89,,1
15.72,14.33,16.23,18.51,45.21,44.81,42.73,1006.02,1010.01,60.48,27.04,,1
15.69,14.33,16.22,18.5,45.18,44.8,42.66,1006.04,1009.99,60.32,27.17,,1
15.69,14.34,16.22,18.49,45.13,44.82,42.6,1006,1010.01,60.65,27.01,,1
15.66,14.35,16.21,18.49,45.12,44.79,42.55,1006,1009.97,60.65,27.37,,1
15.69,14.36,16.2,18.48,45.07,44.72,42.5,1006.02,1010.05,60.48,26.69,,1
15.66,14.36,16.19,18.45,45.07,44.79,42.44,1006,1010.08,60.65,26.44,,1
15.66,14.37,16.18,18.43,45.12,44.98,42.39,1006.02,1009.99,60.48,27.18,,1
15.66,14.38,16.18,18.44,45.18,45.1,42.36,1006,1009.99,60.65,27.15,,1
15.65,14.4,16.17,18.45,45.28,45.22,42.32,1006.02,1010.01,60.48,27.04,,1
15.66,14.41,16.17,18.42,45.4,45.29,42.32,1006.02,1010.02,60.48,26.96,,1
15.64,14.42,16.17,18.42,45.5,45.33,42.3,1006.02,1010.05,60.48,26.64,,1
15.65,14.42,16.17,18.43,45.51,45.19,42.31,1006.02,1009.97,60.48,27.34,,1
15.66,14.41,16.17,18.41,45.51,45.21,42.3,1006.04,1010.08,60.32,26.46,,1
15.62,14.39,16.16,18.42,45.58,45.68,42.31,1006,1010.04,60.65,26.74,,1
15.61,14.38,16.16,18.39,45.73,46.15,42.31,1006.02,1010.02,60.48,26.95,,1
15.64,14.37,16.14,18.39,45.97,46.83,42.33,1006.04,1010.05,60.32,26.64,,1
15.64,14.35,16.13,18.39,46.25,47.55,42.38,1006.02,1010.03,60.48,26.87,,1
15.62,14.35,16.11,18.37,46.64,48.12,42.45,1006.02,1009.99,60.48,27.15,,1
15.57,14.35,16.1,18.35,46.95,48.05,42.56,1006.02,1009.94,60.48,27.6,,1
15.58,14.33,16.09,18.35,47.2,47.59,42.67,1006.02,1010.03,60.48,26.82,,1
15.61,14.32,16.08,18.34,47.27,47.29,42.8,1005.98,1010.04,60.82,26.77,,1
15.58,14.34,16.07,18.33,47.31,47.2,42.89,1006,1010.04,60.65,26.8,,1
15.6,14.34,16.06,18.3,47.36,47.23,42.97,1005.98,1010.06,60.82,26.6,,1
15.57,14.31,16.06,18.3,47.44,47.08,43.06,1006,1010,60.65,27.08,,1
15.54,14.32,16.05,18.31,47.49,46.84,43.15,1006,1010.1,60.65,26.23,,1
15.55,14.31,16.05,18.27,47.42,46.65,43.19,1006,1010,60.65,27.05,,1
15.54,14.31,16.04,18.3,47.4,46.71,43.25,1005.98,1010.04,60.82,26.73,,1
15.55,14.33,16.04,18.27,47.36,46.75,43.28,1006,1010.07,60.65,26.52,,1
15.55,14.34,16.04,18.28,47.37,46.69,43.32,1006,1010,60.65,27.05,,1
15.54,14.31,16.04,18.27,47.3,46.48,43.35,1006,1009.99,60.65,27.14,,1
15.55,14.31,16.04,18.27,47.26,46.17,43.37,1006,1010.03,60.65,26.82,,1
15.55,14.3,16.04,18.28,47.17,45.96,43.38,1006,1010.03,60.65,26.8,,1
15.57,14.29,16.04,18.29,47.05,45.81,43.38,1006,1009.98,60.65,27.23,,1
15.57,14.28,16.04,18.29,46.9,45.74,43.36,1006,1010,60.65,27.05,,1
15.57,14.28,16.04,18.25,46.8,45.72,43.35,1006,1010,60.65,27.06,,1
15.58,14.26,16.03,18.24,46.65,45.56,43.31,1006,1010.02,60.65,26.91,,1
15.55,14.26,16.03,18.25,46.53,45.34,43.27,1006,1010.02,60.65,26.91,,1
15.57,14.24,16.03,18.24,46.39,45.17,43.24,1006,1010,60.65,27.07,,1
15.58,14.25,16.03,18.24,46.22,45.06,43.2,1006.02,1010.06,60.48,26.62,,1
15.58,14.22,16.03,18.22,46.08,45.04,43.14,1006.02,1010.07,60.48,26.51,,1
15.57,14.22,16.03,18.24,45.95,45.09,43.09,1006.02,1010,60.48,27.06,,1
15.58,14.21,16.03,18.2,45.87,45.13,43.01,1006.02,1010.04,60.48,26.79,,1
15.55,14.21,16.04,18.2,45.78,45.2,42.96,1006.02,1010.04,60.48,26.77,,1
15.54,14.19,16.04,18.19,45.76,45.29,42.89,1006,1010.06,60.65,26.58,,1
15.52,14.19,16.04,18.19,45.75,45.61,42.83,1006,1010.01,60.65,26.99,,1
15.54,14.2,16.03,18.17,45.84,46.05,42.8,1006.02,1010.01,60.48,26.97,,1
15.52,14.21,16.02,18.16,45.95,46.39,42.78,1006,1010.04,60.65,26.73,,1
15.52,14.18,16.01,18.14,46.18,47,42.77,1006.02,1009.98,60.48,27.23,,1
15.48,14.18,16,18.16,46.45,47.34,42.8,1006,1010.03,60.65,26.84,,1
15.47,14.17,15.98,18.14,46.75,46.86,42.83,1006,1010.06,60.65,26.63,,1
15.45,14.17,15.96,18.16,46.77,46.43,42.89,1006,1010.02,60.65,26.91,,1
15.45,14.17,15.94,18.16,46.75,46.34,42.93,1005.98,1009.97,60.82,27.38,,1
15.47,14.16,15.93,18.18,46.67,46.52,42.96,1005.98,1010.01,60.82,26.98,,1
15.45,14.16,15.92,18.14,46.68,46.55,42.99,1005.98,1010.05,60.82,26.64,,1
15.41,14.16,15.91,18.14,46.74,46.61,43.01,1005.98,1010.02,60.82,26.93,,1
15.42,14.14,15.9,18.13,46.82,46.51,43.04,1006,1010.11,60.65,26.14,,1
15.42,14.13,15.9,18.14,46.84,46.49,43.08,1006,1010.03,60.65,26.81,,1
15.44,14.12,15.9,18.12,46.87,46.68,43.1,1006,1010.03,60.65,26.86,,1
15.42,14.12,15.9,18.09,46.88,46.77,43.12,1006,1010.03,60.65,26.83,,1
15.4,14.11,15.9,18.09,46.96,46.93,43.16,1005.98,1009.99,60.82,27.15,,1
15.38,14.12,15.89,18.03,47.02,46.7,43.17,1005.94,1009.93,61.15,27.71,,2
15.37,14.09,15.88,18.04,47.01,46.45,43.24,1005.96,1009.92,60.99,27.8,,2
15.33,14.09,15.87,17.99,46.91,46.32,43.17,1005.94,1009.92,61.15,27.78,,2
15.28,14.09,15.84,18.01,46.87,46.34,43.33,1005.96,1009.91,60.99,27.87,,2
15.3,14.1,15.81,17.96,46.89,46.28,43.38,1005.92,1009.92,61.32,27.77,,2
15.26,14.1,15.78,17.96,46.87,46.37,43.24,1005.94,1009.89,61.15,28.03,,2
15.26,14.09,15.76,17.96,46.86,46.37,43.35,1005.92,1009.93,61.32,27.67,,2
15.27,14.09,15.73,17.95,46.87,46.38,43.18,1005.9,1009.93,61.49,27.7,,2
15.24,14.09,15.71,17.94,46.87,46.71,43.24,1005.92,1009.92,61.32,27.74,,2
15.24,14.08,15.7,17.92,47.06,46.8,43.26,1005.92,1009.92,61.32,27.72,,2
15.24,14.07,15.68,17.92,47.06,46.48,43.3,1005.92,1009.98,61.32,27.22,,2
15.21,14.07,15.67,17.93,47.02,46.08,43.3,1005.9,1009.94,61.49,27.58,,2
15.23,14.07,15.66,17.94,46.94,45.78,43.35,1005.9,1009.96,61.49,27.44,,2
15.26,14.06,15.66,17.94,46.81,45.78,43.34,1005.88,1009.91,61.1,27.85,,2
15.26,14.06,15.65,17.93,46.73,45.99,43.31,1005.9,1009.98,61.49,27.27,,2
15.26,14.06,15.65,17.94,46.77,46.2,43.35,1005.9,1009.95,61.49,27.52,,2
15.26,14.02,15.64,17.92,46.8,46.21,43.32,1005.92,1009.92,61.32,27.77,,2
15.24,14.02,15.64,17.91,46.83,46.15,43.33,1005.9,1009.93,61.49,27.65,,2
15.24,14.03,15.63,17.92,46.81,45.97,43.35,1005.9,1009.9,61.49,27.95,,2
15.24,14.02,15.62,17.92,46.68,45.86,43.33,1005.88,1009.94,61.1,27.59,,2
15.23,14.02,15.61,17.91,46.63,45.84,43.31,1005.9,1009.93,61.49,27.7,,2
15.24,14.02,15.6,17.91,46.62,45.75,43.34,1005.88,1009.93,61.1,27.68,,2
15.23,14.02,15.59,17.9,46.56,45.7,43.29,1005.9,1009.95,61.49,27.52,,2
15.23,14.01,15.58,17.88,46.51,45.7,43.28,1005.9,1009.91,61.49,27.8,,2
15.23,14.03,15.57,17.87,46.46,45.72,43.29,1005.92,1009.88,61.32,28.11,,2
15.21,14.02,15.55,17.86,46.46,45.8,43.28,1005.92,1009.89,61.32,28.04,,2
15.23,14.01,15.54,17.86,46.45,46.04,43.27,1005.92,1009.92,61.32,27.72,,2
15.23,14,15.53,17.86,46.53,46.27,43.27,1005.88,1009.93,61.1,27.7,,2
15.23,13.98,15.51,17.85,46.63,46.39,43.29,1005.92,1009.98,61.32,27.29,,2
15.23,13.97,15.5,17.85,46.68,46.4,43.3,1005.9,1009.99,61.49,27.21,,2
15.21,13.97,15.49,17.85,46.74,46.46,43.33,1005.92,1009.92,61.32,27.77,,2
15.23,13.96,15.48,17.84,46.74,46.4,43.36,1005.9,1009.91,61.49,27.85,,2
15.23,13.95,15.47,17.82,46.81,46.39,43.38,1005.92,1009.95,61.32,27.51,,2
15.23,13.97,15.47,17.83,46.8,46.34,43.41,1005.9,1009.96,61.49,27.41,,2
15.24,13.94,15.46,17.82,46.77,46.37,43.43,1005.92,1009.95,61.32,27.5,,2
15.2,13.94,15.45,17.8,46.76,46.39,43.45,1005.9,1009.95,61.49,27.49,,2
15.24,13.92,15.44,17.8,46.77,46.36,43.48,1005.92,1009.92,61.32,27.73,,2
15.24,13.91,15.44,17.81,46.77,46.28,43.49,1005.92,1009.93,61.32,27.7,,2
15.23,13.92,15.43,17.8,46.76,46.31,43.51,1005.92,1009.96,61.32,27.44,,2
15.23,13.91,15.43,17.79,46.72,46.39,43.53,1005.9,1009.91,61.49,27.81,,2
15.23,13.9,15.43,17.8,46.7,46.46,43.54,1005.92,1009.94,61.32,27.6,,2
15.24,13.89,15.42,17.79,46.73,46.47,43.56,1005.92,1009.97,61.32,27.34,,2
15.26,13.9,15.42,17.77,46.69,46.61,43.58,1005.92,1009.89,61.32,27.97,,2
15.2,13.9,15.42,17.75,46.78,46.83,43.59,1005.92,1009.93,61.32,27.65,,2
15.2,13.87,15.41,17.76,46.84,47.03,43.61,1005.9,1009.89,61.49,27.97,,2
15.2,13.88,15.41,17.76,46.96,47.1,43.65,1005.9,1009.91,61.49,27.86,,2
15.23,13.87,15.41,17.74,47.03,47.13,43.68,1005.92,1009.9,61.32,27.94,,2
15.26,13.88,15.4,17.74,47.09,47.34,43.72,1005.92,1009.9,61.32,27.96,,2
15.21,13.86,15.41,17.74,47.19,47.51,43.76,1005.92,1010,61.32,27.12,,2
15.2,13.86,15.41,17.73,47.28,47.44,43.82,1005.92,1009.98,61.32,27.24,,2
15.2,13.85,15.41,17.72,47.33,47.26,43.86,1005.92,1009.97,61.32,27.3,,2
15.21,13.84,15.41,17.72,47.3,47.23,43.91,1005.92,1010.01,61.32,27.03,,2
15.23,13.85,15.41,17.72,47.27,47.15,43.95,1005.92,1009.95,61.32,27.48,,2
15.21,13.84,15.42,17.71,47.31,47.13,43.98,1005.92,1009.95,61.32,27.51,,2
15.21,13.84,15.42,17.72,47.3,47.11,44,1005.92,1009.95,61.32,27.49,,2
15.21,13.82,15.42,17.72,47.26,47.09,44.02,1005.92,1009.95,61.32,27.49,,2
15.19,13.83,15.43,17.7,47.24,46.97,44.04,1005.92,1009.96,61.32,27.44,,2
15.21,13.81,15.43,17.71,47.26,46.93,44.05,1005.94,1010,61.15,27.13,,2
15.2,13.81,15.44,17.71,47.17,46.95,44.06,1005.92,1010.02,61.32,26.93,,2
15.2,13.81,15.44,17.71,47.16,47.03,44.05,1005.92,1009.99,61.32,27.16,,2
15.19,13.78,15.45,17.7,47.17,47.01,44.07,1005.92,1009.97,61.32,27.3,,2
15.19,13.8,15.45,17.69,47.15,47.14,44.05,1005.92,1009.99,61.32,27.15,,2
15.2,13.78,15.45,17.7,47.19,47.39,44.06,1005.92,1009.99,61.32,27.15,,2
15.2,13.77,15.45,17.7,47.24,47.54,44.06,1005.92,1009.99,61.32,27.14,,2
15.2,13.76,15.45,17.68,47.28,47.93,44.06,1005.92,1009.94,61.32,27.61,,2
15.19,13.76,15.44,17.71,47.39,48.29,44.08,1005.94,1009.97,61.15,27.35,,2
15.2,13.73,15.44,17.68,47.52,48.64,44.09,1005.94,1009.94,61.15,27.56,,2
15.14,13.72,15.44,17.67,47.71,48.88,44.13,1005.94,1009.96,61.15,27.42,,2
15.15,13.69,15.44,17.67,47.91,48.68,44.2,1005.94,1010.02,61.15,26.96,,2
15.13,13.68,15.44,17.67,48.06,48.43,44.25,1005.92,1009.95,61.32,27.49,,2
15.11,13.7,15.44,17.67,48.06,48.23,44.31,1005.92,1009.95,61.32,27.49,,2
15.13,13.7,15.44,17.68,48.08,48.18,44.35,1005.92,1009.96,61.32,27.46,,2
15.1,13.7,15.44,17.68,48.06,48.05,44.39,1005.92,1009.99,61.32,27.16,,2
15.09,13.69,15.44,17.66,48.05,47.86,44.43,1005.94,1009.94,61.15,27.6,,2
15.09,13.7,15.44,17.67,48,47.68,44.44,1005.94,1009.94,61.15,27.61,,2
15.07,13.71,15.44,17.67,47.93,47.51,44.45,1005.94,1009.98,61.15,27.28,,2
15.09,13.7,15.44,17.69,47.86,47.32,44.44,1005.92,1009.94,61.32,27.62,,2
15.09,13.71,15.43,17.68,47.71,47.2,44.44,1005.94,1009.96,61.15,27.46,,2
15.06,13.72,15.43,17.65,47.64,47.07,44.42,1005.94,1009.99,61.15,27.2,,2
15.07,13.73,15.43,17.66,47.57,46.98,44.38,1005.92,1009.96,61.32,27.41,,2
15.06,13.73,15.42,17.69,47.44,46.88,44.37,1005.92,1009.97,61.32,27.32,,2
15.06,13.74,15.42,17.65,47.37,46.85,44.33,1005.94,1009.94,61.15,27.6,,2
15.03,13.74,15.42,17.62,47.35,46.98,44.29,1005.94,1009.89,61.15,28,,2
15.01,13.74,15.42,17.65,47.34,47.13,44.26,1005.94,1009.98,61.15,27.27,,2
15.03,13.75,15.41,17.64,47.39,47.13,44.23,1005.94,1010,61.15,27.11,,2
14.99,13.75,15.41,17.62,47.33,47.22,44.22,1005.92,1009.95,61.32,27.47,,2
14.99,13.75,15.41,17.62,47.39,47.15,44.21,1005.94,1009.92,61.15,27.78,,2
14.97,13.74,15.4,17.63,47.39,46.97,44.2,1005.94,1009.96,61.15,27.44,,2
14.97,13.76,15.4,17.62,47.41,46.81,44.19,1005.94,1009.95,61.15,27.48,,2
14.99,13.76,15.4,17.62,47.36,46.71,44.17,1005.94,1009.94,61.15,27.6,,2
14.97,13.76,15.4,17.61,47.33,46.65,44.16,1005.94,1010,61.15,27.12,,2
14.96,13.77,15.4,17.59,47.26,46.6,44.11,1005.94,1009.99,61.15,27.17,,2
14.91,13.81,15.38,17.55,47.19,46.55,43.94,1006.02,1009.96,60.48,27.44,,2
14.93,13.82,15.37,17.56,47.18,46.56,43.98,1006.02,1009.96,60.48,27.46,,2
14.91,13.84,15.37,17.54,47.18,46.49,43.93,1005.98,1010.01,60.82,27.05,,2
14.91,13.85,15.37,17.55,47.22,46.48,44,1005.96,1009.96,60.99,27.45,,2
14.91,13.85,15.36,17.53,47.22,46.39,44.13,1005.96,1009.92,60.99,27.73,,2
14.89,13.84,15.36,17.53,47.19,46.37,43.86,1005.96,1009.93,60.99,27.68,,2
14.89,13.86,15.36,17.53,47.21,46.35,44.06,1005.94,1009.9,61.15,27.97,,3
14.89,13.86,15.36,17.51,47.19,46.32,43.92,1005.94,1009.87,61.15,28.17,,3
14.89,13.85,15.36,17.51,47.2,46.27,43.89,1005.92,1009.86,61.32,28.25,,3
14.9,13.85,15.36,17.51,47.22,46.28,43.94,1005.92,1009.84,61.32,28.42,,3
14.91,13.84,15.35,17.51,47.19,46.31,43.9,1005.88,1009.89,61.1,28,,3
14.87,13.85,15.36,17.51,47.24,46.28,43.91,1005.88,1009.87,61.1,28.14,,3
14.87,13.85,15.36,17.51,47.21,46.35,43.97,1005.88,1009.89,61.1,28.04,,3
14.87,13.83,15.36,17.5,47.21,46.32,43.97,1005.88,1009.82,61.1,28.57,,3
14.86,13.85,15.36,17.48,47.22,46.32,43.91,1005.88,1009.85,61.1,28.3,,3
14.84,13.84,15.36,17.48,47.23,46.32,43.94,1005.88,1009.86,61.1,28.23,,3
14.86,13.83,15.36,17.5,47.27,46.35,43.91,1005.88,1009.84,61.1,28.43,,3
14.86,13.82,15.36,17.49,47.33,46.41,43.91,1005.88,1009.97,61.1,27.36,,3
14.86,13.82,15.36,17.49,47.34,46.49,43.9,1005.86,1009.91,61.26,27.86,,3
14.87,13.83,15.37,17.49,47.34,46.52,43.87,1005.86,1009.86,61.26,28.24,,3
14.86,13.81,15.37,17.49,47.38,46.57,43.93,1005.84,1009.85,61.43,28.38,,3
14.86,13.81,15.37,17.48,47.38,46.61,43.85,1005.84,1009.84,61.43,28.43,,3
14.87,13.81,15.37,17.49,47.41,46.62,43.91,1005.86,1009.91,61.26,27.88,,3
14.84,13.81,15.37,17.49,47.42,46.6,43.94,1005.84,1009.89,61.43,27.97,,3
14.82,13.82,15.37,17.47,47.4,46.6,43.86,1005.86,1009.89,61.26,28.02,,3
14.82,13.81,15.37,17.48,47.44,46.74,43.87,1005.86,1009.87,61.26,28.15,,3
14.82,13.8,15.36,17.45,47.54,46.91,43.92,1005.86,1009.8,61.26,28.72,,3
14.79,13.8,15.36,17.45,47.69,47,43.9,1005.86,1009.82,61.26,28.6,,3
14.8,13.81,15.35,17.45,47.75,47.09,43.86,1005.84,1009.85,61.43,28.31,,3
14.8,13.82,15.35,17.47,47.9,47.29,43.87,1005.84,1009.87,61.43,28.17,,3
14.83,13.82,15.34,17.44,48.04,47.37,43.92,1005.84,1009.84,61.43,28.42,,3
14.8,13.81,15.34,17.42,48.1,47.52,43.98,1005.84,1009.84,61.43,28.46,,3
14.82,13.82,15.34,17.42,48.2,47.82,44.06,1005.84,1009.83,61.43,28.48,,3
14.83,13.84,15.34,17.42,48.39,47.85,44.19,1005.84,1009.87,61.43,28.13,,3
14.8,13.81,15.33,17.41,48.43,47.67,44.19,1005.83,1009.9,61.52,27.91,,3
14.8,13.82,15.33,17.4,48.43,47.52,44.2,1005.84,1009.94,61.43,27.62,,3
14.8,13.82,15.32,17.4,48.45,47.57,44.31,1005.84,1009.86,61.43,28.22,,3
14.8,13.82,15.32,17.39,48.45,47.57,44.29,1005.86,1009.84,61.26,28.39,,3
14.82,13.82,15.32,17.39,48.48,47.56,44.27,1005.86,1009.9,61.26,27.89,,3
14.83,13.8,15.31,17.38,48.42,47.42,44.37,1005.84,1009.86,61.43,28.25,,3
14.83,13.8,15.32,17.37,48.32,47.24,44.43,1005.86,1009.88,61.26,28.09,,3
14.83,13.8,15.32,17.36,48.32,47.08,44.4,1005.88,1009.85,61.1,28.32,,3
14.84,13.8,15.32,17.35,48.26,47,44.39,1005.86,1009.95,61.26,27.5,,3
14.82,13.79,15.32,17.36,48.17,46.98,44.43,1005.88,1009.89,61.1,27.99,,3
14.83,13.79,15.32,17.37,48.13,46.99,44.49,1005.88,1009.91,61.1,27.88,,3
14.82,13.79,15.32,17.35,48.08,46.97,44.47,1005.86,1009.88,61.26,28.06,,3
14.83,13.78,15.32,17.33,48.06,46.99,44.4,1005.86,1009.92,61.26,27.77,,3
14.82,13.78,15.32,17.34,48.04,46.98,44.4,1005.88,1009.92,61.1,27.72,,3
14.83,13.78,15.32,17.35,48.01,46.94,44.46,1005.86,1009.95,61.26,27.49,,3
14.82,13.77,15.32,17.34,47.97,46.96,44.31,1005.86,1009.9,61.26,27.95,,3
14.8,13.78,15.32,17.3,47.95,46.98,44.26,1005.88,1009.89,61.1,27.99,,3
14.8,13.77,15.32,17.27,47.93,46.98,44.3,1005.88,1009.83,61.1,28.52,,3
14.8,13.77,15.31,17.28,47.97,46.94,44.23,1005.86,1009.91,61.26,27.86,,3
14.82,13.76,15.3,17.3,47.85,46.85,44.36,1005.86,1009.86,61.26,28.3,,3
14.82,13.77,15.3,17.3,47.88,46.77,44.39,1005.88,1009.9,61.1,27.94,,3
14.84,13.79,15.31,17.3,47.84,46.72,44.37,1005.9,1009.88,61.49,28.13,,3
14.82,13.79,15.31,17.3,47.78,46.71,44.39,1005.9,1009.87,61.49,28.16,,3
14.79,13.77,15.31,17.31,47.74,46.81,44.38,1005.9,1009.84,61.49,28.46,,3
14.79,13.79,15.31,17.29,47.75,46.89,44.36,1005.9,1009.9,61.49,27.96,,3
14.78,13.77,15.3,17.29,47.8,47.08,44.35,1005.9,1009.88,61.49,28.13,,3
14.78,13.79,15.29,17.3,47.83,47.19,44.33,1005.9,1009.87,61.49,28.18,,3
14.78,13.79,15.28,17.3,47.92,47.18,44.32,1005.9,1009.88,61.49,28.06,,3
14.76,13.79,15.28,17.31,47.92,47.14,44.34,1005.9,1009.85,61.49,28.31,,3
14.75,13.8,15.28,17.3,47.99,47.13,44.32,1005.88,1009.9,61.1,27.94,,3
14.75,13.79,15.27,17.3,48.01,47.19,44.38,1005.88,1009.89,61.1,27.99,,3
14.75,13.79,15.27,17.31,48.04,47.77,44.38,1005.9,1009.84,61.49,28.43,,3
14.7,13.79,15.27,17.26,48.15,48.46,44.37,1005.9,1009.89,61.49,28.05,,3
14.68,13.77,15.26,17.26,48.42,49.13,44.38,1005.92,1009.91,61.32,27.88,,3
14.7,13.76,15.25,17.27,48.77,49.41,44.47,1005.88,1009.89,61.1,27.97,,3
14.65,13.76,15.24,17.25,49.1,49.77,44.56,1005.88,1009.87,61.1,28.16,,3
14.65,13.74,15.24,17.25,49.41,50.23,44.66,1005.86,1009.83,61.26,28.51,,3
14.65,13.73,15.23,17.25,49.73,50.86,44.76,1005.86,1009.81,61.26,28.64,,3
14.63,13.72,15.23,17.26,50.07,51.42,44.87,1005.86,1009.9,61.26,27.9,,3
14.63,13.72,15.22,17.26,50.49,51.34,45.01,1005.86,1009.89,61.26,28.04,,3
14.63,13.7,15.22,17.27,50.83,50.75,45.16,1005.86,1009.89,61.26,28.02,,3
14.6,13.72,15.22,17.28,51,49.75,45.3,1005.84,1009.88,61.43,28.07,,3
14.63,13.7,15.22,17.27,51,49.14,45.43,1005.84,1009.87,61.43,28.14,,3
14.63,13.72,15.21,17.28,50.8,48.68,45.53,1005.84,1009.86,61.43,28.26,,3
14.63,13.7,15.21,17.25,50.59,48.27,45.51,1005.84,1009.93,61.43,27.64,,3
14.65,13.71,15.21,17.26,50.33,47.98,45.64,1005.84,1009.87,61.43,28.19,,3
14.62,13.7,15.21,17.26,50.1,47.83,45.56,1005.84,1009.89,61.43,27.98,,3
14.62,13.7,15.21,17.23,49.89,47.83,45.64,1005.84,1009.87,61.43,28.18,,3
14.6,13.7,15.21,17.21,49.78,48.39,45.52,1005.84,1009.81,61.43,28.64,,3
14.6,13.68,15.2,17.22,49.84,48.58,45.46,1005.83,1009.8,61.52,28.77,,3
14.63,13.7,15.2,17.22,49.86,48.36,45.47,1005.81,1009.72,62.68,29.42,,4
14.62,13.69,15.19,17.2,49.76,48.07,45.48,1005.81,1009.72,62.68,29.43,,4
14.62,13.69,15.19,17.21,49.7,47.89,45.46,1005.79,1009.75,62.85,29.18,,4
14.65,13.7,15.18,17.21,49.49,47.66,45.46,1005.77,1009.75,62.02,29.17,,4
14.63,13.7,15.18,17.21,49.37,47.48,45.43,1005.75,1009.75,62.19,29.17,,4
14.62,13.69,15.18,17.15,49.2,47.46,45.4,1005.75,1009.74,62.19,29.26,,4
14.65,13.7,15.17,17.18,49.11,47.64,45.37,1005.75,1009.76,62.19,29.13,,4
14.65,13.69,15.17,17.18,49.09,47.99,45.34,1005.75,1009.78,62.19,28.88,,4
14.65,13.67,15.17,17.18,49.16,48.38,45.31,1005.75,1009.71,62.19,29.54,,4
14.63,13.69,15.17,17.14,49.23,48.81,45.29,1005.75,1009.71,62.19,29.54,,4
14.65,13.67,15.16,17.15,49.37,49.26,45.29,1005.73,1009.71,62.35,29.49,,4
14.62,13.67,15.16,17.16,49.63,49.49,45.32,1005.73,1009.82,62.35,28.6,,4
14.63,13.64,15.16,17.14,49.79,49.69,45.35,1005.73,1009.77,62.35,29,,4
14.62,13.63,15.16,17.12,49.89,49.73,45.41,1005.73,1009.77,62.35,29,,4
14.62,13.62,15.15,17.14,50.04,49.42,45.46,1005.73,1009.79,62.35,28.87,,4
14.62,13.62,15.15,17.11,50.11,48.97,45.51,1005.73,1009.72,62.35,29.4,,4
14.63,13.62,15.15,17.11,50.05,48.56,45.57,1005.73,1009.8,62.35,28.76,,4
14.62,13.62,15.15,17.11,50.05,48.24,45.6,1005.75,1009.75,62.19,29.17,,4
14.63,13.6,15.15,17.06,49.86,48.08,45.58,1005.75,1009.74,62.19,29.26,,4
14.6,13.62,15.15,17.05,49.69,47.85,45.58,1005.75,1009.83,62.19,28.51,,4
14.59,13.62,15.14,17.07,49.52,47.68,45.57,1005.77,1009.72,62.02,29.39,,4
14.62,13.61,15.14,17.06,49.32,47.53,45.54,1005.75,1009.73,62.19,29.32,,4
14.6,13.6,15.14,17.06,49.18,47.55,45.49,1005.75,1009.76,62.19,29.08,,4
14.62,13.59,15.13,17.06,49.05,47.78,45.43,1005.75,1009.74,62.19,29.23,,4
14.62,13.59,15.13,17.05,48.99,48.04,45.38,1005.77,1009.77,62.02,29.01,,4
14.62,13.58,15.13,17.04,49.02,48.33,45.35,1005.77,1009.78,62.02,28.94,,4
14.62,13.57,15.13,17.04,49.08,48.53,45.33,1005.75,1009.76,62.19,29.07,,4
14.6,13.58,15.14,17.04,49.12,48.65,45.33,1005.75,1009.73,62.19,29.34,,4
14.62,13.56,15.14,17.02,49.2,48.78,45.33,1005.75,1009.77,62.19,29.05,,4
14.6,13.55,15.14,17.02,49.18,48.69,45.34,1005.75,1009.8,62.19,28.77,,4
14.62,13.55,15.14,17.02,49.17,48.51,45.35,1005.75,1009.79,62.19,28.86,,4
14.63,13.53,15.14,17.02,49.12,48.36,45.35,1005.77,1009.76,62.02,29.11,,4
14.62,13.53,15.15,17.02,49.08,48.25,45.34,1005.75,1009.77,62.19,29,,4
14.63,13.52,15.15,17.02,48.99,48.18,45.33,1005.75,1009.79,62.19,28.84,,4
14.6,13.51,15.16,17.01,48.94,48.12,45.31,1005.75,1009.76,62.19,29.07,,4
14.65,13.51,15.16,17,48.91,48.04,45.29,1005.77,1009.8,62.02,28.74,,4
14.62,13.48,15.16,17,48.85,47.97,45.26,1005.75,1009.77,62.19,28.98,,4
14.6,13.49,15.16,16.98,48.82,47.91,45.24,1005.77,1009.79,62.02,28.86,,4
14.62,13.49,15.16,17,48.76,47.88,45.21,1005.77,1009.81,62.02,28.67,,4
14.63,13.49,15.16,16.98,48.71,47.9,45.18,1005.77,1009.81,62.02,28.64,,4
14.6,13.49,15.16,16.98,48.7,47.92,45.15,1005.77,1009.77,62.02,29.02,,4
14.62,13.47,15.16,16.97,48.65,47.98,45.13,1005.77,1009.77,62.02,28.98,,4
14.6,13.45,15.16,16.99,48.63,48.07,45.1,1005.75,1009.81,62.19,28.64,,4
14.6,13.45,15.16,17,48.68,48.28,45.08,1005.75,1009.78,62.19,28.9,,4
14.62,13.46,15.17,16.98,48.68,48.44,45.06,1005.77,1009.78,62.02,28.92,,4
14.63,13.46,15.17,16.99,48.74,48.57,45.04,1005.77,1009.78,62.02,28.93,,4
14.62,13.45,15.17,17,48.8,48.66,45.04,1005.77,1009.78,62.02,28.92,,4
14.63,13.42,15.18,16.99,48.85,48.69,45.05,1005.77,1009.8,62.02,28.75,,4
14.59,13.42,15.18,16.96,48.87,48.81,45.05,1005.75,1009.74,62.19,29.23,,4
14.59,13.42,15.18,16.96,49.02,49.12,45.05,1005.75,1009.83,62.19,28.48,,4
14.56,13.41,15.18,16.98,49.2,49.27,45.07,1005.77,1009.76,62.02,29.1,,4
14.55,13.44,15.18,16.97,49.41,49.49,45.1,1005.77,1009.76,62.02,29.09,,4
14.56,13.44,15.18,16.98,49.55,49.66,45.14,1005.75,1009.73,62.19,29.3,,4
14.55,13.45,15.17,16.99,49.74,49.8,45.17,1005.75,1009.77,62.19,28.97,,4
14.55,13.44,15.17,16.98,49.83,49.79,45.24,1005.75,1009.71,62.19,29.48,,4
14.55,13.44,15.17,16.98,49.95,49.8,45.29,1005.77,1009.77,62.02,29.01,,4
14.53,13.44,15.16,16.99,49.98,49.72,45.34,1005.75,1009.77,62.19,29.05,,4
14.55,13.44,15.16,16.98,50.04,49.63,45.4,1005.75,1009.72,62.19,29.46,,4
14.5,13.45,15.15,16.97,50.12,49.63,45.45,1005.75,1009.75,62.19,29.2,,4
14.52,13.44,15.14,16.97,50.12,49.53,45.5,1005.75,1009.77,62.19,29.03,,4
14.5,13.44,15.14,16.96,50.14,49.46,45.54,1005.73,1009.78,62.35,28.94,,4
14.45,13.43,15.14,16.95,50.18,49.43,45.57,1005.73,1009.75,62.35,29.14,,4
14.46,13.43,15.14,16.95,50.28,49.43,45.61,1005.73,1009.76,62.35,29.12,,4
14.48,13.43,15.14,16.96,50.34,49.49,45.64,1005.73,1009.77,62.35,29.02,,4
14.46,13.42,15.13,16.97,50.54,49.61,45.68,1005.73,1009.7,62.35,29.57,,4
14.45,13.42,15.13,16.96,50.63,49.73,45.71,1005.75,1009.78,62.19,28.92,,4
14.4,13.41,15.12,16.95,50.7,49.77,45.76,1005.75,1009.73,62.19,29.32,,4
14.4,13.4,15.12,16.95,50.78,49.89,45.81,1005.71,1009.8,62.52,28.72,,4
14.4,13.41,15.11,16.95,50.86,49.98,45.86,1005.71,1009.79,62.52,28.83,,4
14.4,13.42,15.11,16.94,50.94,49.98,45.91,1005.73,1009.81,62.35,28.69,,4
14.38,13.42,15.1,16.94,50.98,49.99,45.94,1005.71,1009.75,62.52,29.17,,4
14.38,13.43,15.09,16.94,51.02,49.92,45.99,1005.73,1009.73,62.35,29.35,,4
14.38,13.41,15.09,16.95,51.02,49.79,46.04,1005.73,1009.73,62.35,29.37,,4
14.39,13.4,15.08,16.96,51.02,49.67,46.06,1005.71,1009.8,62.52,28.77,,4
14.38,13.4,15.07,16.95,50.95,49.62,46.1,1005.73,1009.77,62.35,29.03,,4
14.38,13.4,15.07,16.94,50.87,49.59,46.1,1005.73,1009.76,62.35,29.06,,4
14.36,13.38,15.07,16.94,50.85,49.72,46.11,1005.75,1009.77,62.19,28.99,,4
14.35,13.38,15.06,16.95,50.88,49.83,46.1,1005.73,1009.75,62.35,29.18,,4
14.36,13.37,15.06,16.95,50.91,49.83,46.12,1005.73,1009.78,62.35,28.94,,4
14.32,13.38,15.06,16.94,50.97,49.85,46.13,1005.75,1009.76,62.19,29.05,,4
14.32,13.38,15.05,16.94,50.99,49.82,46.15,1005.75,1009.76,62.19,29.07,,4
14.31,13.36,15.04,16.94,50.96,49.78,46.17,1005.75,1009.7,62.19,29.61,,4
14.31,13.38,15.04,16.95,50.98,49.72,46.19,1005.75,1009.79,62.19,28.87,,4
14.31,13.38,15.03,16.95,50.94,49.63,46.2,1005.75,1009.75,62.19,29.15,,4
14.31,13.35,15.03,16.95,50.91,49.6,46.2,1005.75,1009.71,62.19,29.47,,4
14.31,13.37,15.03,16.94,50.87,49.5,46.2,1005.73,1009.77,62.35,29.02,,4
14.32,13.36,15.03,16.92,50.81,49.46,46.16,1005.73,1009.77,62.35,29.04,,4
14.29,13.37,15.03,16.9,50.79,49.55,46.17,1005.73,1009.76,62.35,29.12,,4
14.29,13.34,15.03,16.9,50.78,49.67,46.12,1005.73,1009.72,62.35,29.42,,4
14.28,13.32,15.02,16.88,50.79,49.81,46.2,1005.73,1009.71,62.35,29.53,,4
14.18,13.33,14.93,16.68,55.84,55.15,47.89,1005.94,1009.75,61.15,29.21,,4
14.14,13.34,14.92,16.68,55.7,54.11,48.07,1005.86,1009.72,61.26,29.39,,5
14.15,13.33,14.91,16.68,55.46,53.31,48.4,1005.81,1009.66,62.68,29.89,,5
14.15,13.33,14.9,16.69,55.07,52.79,48.4,1005.79,1009.67,62.85,29.87,,5
14.15,13.34,14.89,16.69,54.78,52.42,48.54,1005.75,1009.64,62.19,30.12,,5
14.12,13.32,14.89,16.68,54.49,52.25,48.48,1005.73,1009.63,62.35,30.17,,5
13.87,13.2,14.01,16.21,51.72,50.18,50.06,1005.9,1009.62,61.49,30.25,,5
13.87,13.21,14.04,16.19,51.7,50.12,49.99,1005.84,1009.52,61.43,31.06,,5
13.85,13.21,14.06,16.19,51.67,49.92,49.83,1005.75,1009.51,62.19,31.21,,5
13.85,13.22,14.08,16.19,51.67,49.74,49.9,1005.67,1009.49,63.86,31.38,,5
13.85,13.22,14.1,16.19,51.58,49.8,49.65,1005.63,1009.48,63.19,31.46,,5
13.85,13.23,14.12,16.19,51.65,50.08,49.66,1005.57,1009.52,64.13,31.09,,5
13.84,13.23,14.14,16.17,51.76,50.41,49.51,1005.55,1009.63,64.3,30.19,,5
13.84,13.24,14.15,16.18,51.87,50.4,49.4,1005.53,1009.51,64.47,31.15,,5
13.82,13.24,14.17,16.17,51.85,50.03,49.36,1005.55,1009.55,64.3,30.86,,5
13.84,13.23,14.19,16.16,51.76,49.53,49.34,1005.55,1009.6,64.3,30.39,,5
13.84,13.25,14.2,16.16,51.61,49.1,49.25,1005.53,1009.62,64.47,30.26,,5
13.85,13.24,14.21,16.16,51.41,48.8,49.19,1005.55,1009.63,64.3,30.19,,5
13.85,13.26,14.23,16.16,51.24,48.66,49.13,1005.57,1009.6,64.13,30.46,,5
13.87,13.25,14.25,16.15,51.11,48.58,49.06,1005.59,1009.68,63.53,29.78,,5
13.87,13.28,14.26,16.13,50.97,48.53,48.93,1005.59,1009.68,63.53,29.77,,5
13.87,13.28,14.28,16.15,50.89,48.46,48.71,1005.59,1009.64,63.53,30.1,,5
13.85,13.3,14.29,16.16,50.78,48.43,48.66,1005.59,1009.68,63.53,29.75,,5
13.88,13.31,14.3,16.17,50.71,48.26,48.72,1005.63,1009.69,63.19,29.65,,5
13.88,13.3,14.32,16.16,50.65,48.36,48.42,1005.63,1009.63,63.19,30.18,,5
13.88,13.31,14.33,16.17,50.57,48.64,48.38,1005.63,1009.66,63.19,29.93,,5
13.88,13.31,14.35,16.17,50.61,48.58,48.43,1005.65,1009.65,63.02,30.01,,5
13.88,13.31,14.36,16.17,50.56,48.44,48.2,1005.63,1009.67,63.19,29.82,,5
13.88,13.3,14.37,16.18,50.48,48.33,48.25,1005.65,1009.61,63.02,30.34,,5
13.85,13.3,14.38,16.17,50.4,48.1,48.13,1005.65,1009.68,63.02,29.76,,5
13.9,13.3,14.39,16.17,50.26,47.79,47.98,1005.65,1009.68,63.02,29.73,,5
13.9,13.32,14.4,16.18,50.14,47.63,47.96,1005.67,1009.67,63.86,29.82,,5
13.88,13.32,14.41,16.19,50,47.54,47.9,1005.67,1009.65,63.86,30.04,,5
13.9,13.3,14.42,16.19,49.96,47.52,47.79,1005.67,1009.7,63.86,29.61,,5
13.9,13.32,14.43,16.18,49.87,47.56,47.65,1005.67,1009.69,63.86,29.71,,5
13.9,13.32,14.44,16.2,49.87,47.64,47.5,1005.71,1009.71,62.52,29.53,,5
13.91,13.32,14.45,16.2,49.84,47.68,47.52,1005.71,1009.61,62.52,30.3,,5
13.88,13.32,14.46,16.21,49.81,47.7,47.39,1005.73,1009.7,62.35,29.62,,5
13.88,13.32,14.46,16.21,49.81,47.66,47.29,1005.71,1009.64,62.52,30.06,,5
13.87,13.32,14.47,16.21,49.81,47.6,47.26,1005.71,1009.66,62.52,29.9,,5
13.88,13.33,14.47,16.22,49.77,47.5,47.2,1005.73,1009.68,62.35,29.76,,5
13.88,13.35,14.48,16.23,49.74,47.45,47.14,1005.73,1009.73,62.35,29.32,,5
13.87,13.34,14.49,16.23,49.69,47.43,47.03,1005.73,1009.66,62.35,29.9,,5
13.9,13.34,14.49,16.22,49.66,47.56,47,1005.75,1009.69,62.19,29.67,,5
13.87,13.35,14.5,16.2,49.62,47.76,46.82,1005.75,1009.69,62.19,29.65,,5
13.87,13.35,14.5,16.21,49.71,48.05,46.88,1005.75,1009.72,62.19,29.39,,5
13.88,13.35,14.5,16.21,49.81,48.31,46.8,1005.75,1009.66,62.19,29.94,,5
13.9,13.37,14.5,16.21,49.95,48.45,46.79,1005.75,1009.74,62.19,29.3,,5
13.88,13.38,14.5,16.19,50.05,48.49,46.75,1005.75,1009.72,62.19,29.41,,5
13.87,13.36,14.5,16.18,50.15,48.46,46.76,1005.75,1009.75,62.19,29.17,,5
13.87,13.37,14.5,16.18,50.19,48.4,46.74,1005.75,1009.72,62.19,29.44,,5
13.84,13.37,14.5,16.17,50.24,48.43,46.75,1005.75,1009.71,62.19,29.5,,5
13.85,13.37,14.5,16.16,50.29,48.55,46.75,1005.75,1009.71,62.19,29.49,,5
13.84,13.34,14.5,16.16,50.4,48.6,46.75,1005.77,1009.7,62.02,29.56,,5
13.82,13.37,14.5,16.14,50.42,48.8,46.77,1005.77,1009.74,62.02,29.27,,5
13.82,13.35,14.49,16.14,50.53,49.01,46.76,1005.77,1009.77,62.02,29.05,,5
13.81,13.34,14.49,16.13,50.63,49.33,46.79,1005.79,1009.76,62.85,29.09,,5
13.8,13.35,14.48,16.13,50.76,49.47,46.8,1005.77,1009.71,62.02,29.54,,5
13.78,13.34,14.48,16.12,50.92,49.75,46.81,1005.77,1009.77,62.02,28.98,,5
13.78,13.33,14.47,16.11,51.11,49.99,46.84,1005.77,1009.8,62.02,28.74,,5
13.77,13.31,14.45,16.1,51.25,49.97,46.95,1005.79,1009.76,62.85,29.07,,5
13.77,13.3,14.44,16.1,51.38,49.78,46.94,1005.77,1009.8,62.02,28.72,,5
13.76,13.31,14.43,16.09,51.41,49.5,46.97,1005.73,1009.75,62.35,29.21,,5
13.74,13.32,14.43,16.09,51.44,49.34,47.08,1005.75,1009.74,62.19,29.25,,5
13.76,13.31,14.42,16.08,51.47,49.28,47.06,1005.75,1009.76,62.19,29.11,,5
13.76,13.32,14.42,16.08,51.45,49.17,47.2,1005.77,1009.79,62.02,28.83,,5
13.74,13.32,14.42,16.07,51.41,48.99,47.21,1005.77,1009.79,62.02,28.83,,5
13.77,13.33,14.41,16.06,51.38,48.89,47.12,1005.75,1009.75,62.19,29.17,,5
13.74,13.34,14.41,16.05,51.34,48.95,47.08,1005.75,1009.74,62.19,29.25,,5
13.77,13.33,14.41,16.06,51.37,48.79,47.12,1005.75,1009.76,62.19,29.08,,5
13.74,13.34,14.4,16.04,51.28,48.54,47.14,1005.75,1009.69,62.19,29.7,,5
13.74,13.33,14.4,16.03,51.24,48.49,47.09,1005.75,1009.73,62.19,29.31,,5
13.74,13.34,14.4,16.03,51.23,48.48,47.08,1005.75,1009.74,62.19,29.27,,5
13.74,13.34,14.4,16.02,51.15,48.42,47.1,1005.75,1009.73,62.19,29.35,,5
13.76,13.35,14.39,16.02,51.11,48.4,47.15,1005.73,1009.77,62.35,29.03,,5
13.73,13.33,14.39,16,51.06,48.59,47.07,1005.73,1009.76,62.35,29.1,,5
13.71,13.33,14.38,16,51.09,48.77,47.16,1005.75,1009.7,62.19,29.56,,5
13.71,13.33,14.38,15.98,51.09,48.55,47.19,1005.75,1009.74,62.19,29.27,,5
13.73,13.36,14.37,15.98,51.08,48.37,47.09,1005.75,1009.76,62.19,29.1,,5
13.73,13.37,14.37,15.98,51.04,48.18,47.05,1005.75,1009.69,62.19,29.7,,5
13.73,13.38,14.37,15.98,50.95,48.07,47.14,1005.75,1009.77,62.19,29.02,,5
13.71,13.37,14.37,15.98,50.88,48.17,47.15,1005.75,1009.75,62.19,29.2,,5
13.73,13.38,14.37,15.98,50.92,48.28,47.09,1005.75,1009.73,62.19,29.34,,5
13.71,13.36,14.37,15.99,50.92,48.31,47.05,1005.75,1009.73,62.19,29.34,,5
13.73,13.38,14.38,15.98,50.92,48.37,47.1,1005.75,1009.68,62.19,29.79,,5
13.7,13.37,14.38,15.98,50.96,48.49,47.12,1005.77,1009.71,62.02,29.5,,5
13.73,13.37,14.38,15.97,50.94,48.51,46.99,1005.75,1009.74,62.19,29.29,,5
13.7,13.37,14.39,15.98,50.99,48.59,47.09,1005.75,1009.71,62.19,29.51,,5
13.71,13.35,14.39,15.97,51.04,48.8,46.99,1005.75,1009.7,62.19,29.61,,5
13.71,13.35,14.39,15.96,51.11,48.87,46.96,1005.75,1009.75,62.19,29.16,,5
13.71,13.35,14.38,15.95,51.18,48.81,46.95,1005.75,1009.74,62.19,29.26,,5
13.7,13.35,14.38,15.96,51.22,48.78,47.13,1005.75,1009.73,62.19,29.31,,5
13.67,13.36,14.38,15.95,51.22,48.51,47.13,1005.75,1009.79,62.19,28.85,,5
13.7,13.38,14.37,15.94,51.19,48.28,46.95,1005.75,1009.75,62.19,29.18,,5
13.7,13.4,14.37,15.95,51.13,48.03,46.98,1005.77,1009.74,62.02,29.29,,5
13.71,13.42,14.36,15.94,51.05,47.75,47.09,1005.77,1009.74,62.02,29.26,,5
13.73,13.44,14.36,15.93,50.94,47.57,46.89,1005.75,1009.71,62.19,29.51,,5
13.71,13.44,14.36,15.94,50.83,47.38,46.94,1005.73,1009.64,62.35,30.09,,6
13.73,13.46,14.37,15.94,50.71,47.34,46.9,1005.69,1009.49,63.69,31.35,,6
13.71,13.44,14.37,15.94,50.6,47.18,46.85,1005.65,1009.58,63.02,30.63,,6
13.73,13.46,14.37,15.9,50.46,46.98,46.8,1005.61,1009.47,63.36,31.48,,6
13.76,13.49,14.38,15.9,50.31,46.42,46.74,1005.59,1009.56,63.53,30.75,,6
13.76,13.5,14.38,15.91,50.07,45.93,46.63,1005.57,1009.44,64.13,31.79,,6
13.76,13.5,14.38,15.91,49.82,45.6,46.76,1005.57,1009.46,64.13,31.63,,6
13.76,13.53,14.39,15.89,49.51,45.48,46.53,1005.51,1009.34,64.64,32.61,,6
13.78,13.54,14.39,15.89,49.34,45.51,46.44,1005.49,1009.35,64.8,32.53,,6
13.78,13.6,14.39,15.89,49.19,45.66,46.39,1005.45,1009.52,65.14,31.11,,6
13.81,13.62,14.4,15.88,49.12,45.6,46.22,1005.45,1009.41,65.14,32,,6
13.82,13.63,14.4,15.89,49.01,45.28,46.17,1005.45,1009.59,65.14,30.48,,6
13.82,13.66,14.41,15.88,48.88,45.15,45.98,1005.43,1009.45,65.31,31.67,,6
13.82,13.68,14.41,15.87,48.72,45.01,45.96,1005.45,1009.46,65.14,31.6,,6
13.81,13.71,14.41,15.88,48.62,44.95,45.88,1005.45,1009.47,65.14,31.54,,6
13.85,13.72,14.42,15.88,48.51,44.83,45.8,1005.47,1009.51,64.97,31.2,,6
13.85,13.73,14.42,15.88,48.4,44.79,45.72,1005.47,1009.48,64.97,31.41,,6
13.87,13.75,14.43,15.88,48.35,44.67,45.65,1005.47,1009.51,64.97,31.16,,6
13.85,13.77,14.44,15.86,48.25,44.6,45.57,1005.51,1009.43,64.64,31.81,,6
13.85,13.78,14.44,15.86,48.11,44.53,45.5,1005.51,1009.54,64.64,30.91,,6
13.85,13.77,14.44,15.85,48.09,44.49,45.39,1005.51,1009.45,64.64,31.7,,6
13.85,13.77,14.45,15.85,48.02,44.49,45.27,1005.51,1009.47,64.64,31.51,,6
13.84,13.78,14.45,15.85,47.99,44.53,45.21,1005.53,1009.51,64.47,31.16,,6
13.84,13.76,14.46,15.82,47.98,44.59,45.14,1005.53,1009.52,64.47,31.09,,6
13.87,13.77,14.46,15.81,47.95,44.65,45.11,1005.53,1009.59,64.47,30.49,,6
13.84,13.78,14.46,15.81,47.96,44.68,45.11,1005.55,1009.62,64.3,30.28,,6
13.85,13.78,14.47,15.81,47.96,44.77,45.09,1005.55,1009.6,64.3,30.45,,6
13.87,13.77,14.47,15.8,47.98,44.87,45.06,1005.57,1009.67,64.13,29.81,,6
13.87,13.75,14.47,15.8,48.08,44.92,45.01,1005.61,1009.6,63.36,30.45,,6
13.87,13.76,14.48,15.79,48.09,44.94,44.97,1005.61,1009.58,63.36,30.61,,6
13.85,13.74,14.48,15.79,48.13,44.98,44.9,1005.59,1009.56,63.53,30.74,,6
13.85,13.76,14.48,15.8,48.11,45.03,44.84,1005.59,1009.54,63.53,30.92,,6
13.85,13.76,14.49,15.8,48.16,45.14,44.81,1005.59,1009.56,63.53,30.79,,6
13.87,13.75,14.49,15.8,48.19,45.16,44.92,1005.57,1009.55,64.13,30.88,,6
13.87,13.76,14.49,15.81,48.29,45.34,44.88,1005.61,1009.62,63.36,30.29,,6
13.85,13.74,14.5,15.8,48.35,45.62,44.96,1005.61,1009.62,63.36,30.26,,6
13.87,13.74,14.5,15.81,48.45,45.97,44.99,1005.61,1009.68,63.36,29.79,,6
13.87,13.72,14.5,15.82,48.64,46.2,44.92,1005.61,1009.66,63.36,29.9,,6
13.85,13.71,14.5,15.81,48.79,46.4,44.99,1005.63,1009.66,63.19,29.9,,6
13.82,13.7,14.5,15.8,48.9,46.52,45.08,1005.63,1009.63,63.19,30.21,,6
13.82,13.7,14.5,15.78,49.04,46.64,45.01,1005.67,1009.65,63.86,29.99,,6
13.85,13.68,14.49,15.77,49.2,46.62,45.02,1005.69,1009.7,63.69,29.58,,6
13.81,13.69,14.49,15.76,49.3,46.47,45.08,1005.67,1009.75,63.86,29.18,,6
13.81,13.69,14.49,15.77,49.32,46.22,45.12,1005.67,1009.67,63.86,29.84,,6
13.82,13.7,14.49,15.78,49.28,46.01,45.17,1005.67,1009.65,63.86,29.99,,6
13.82,13.7,14.49,15.79,49.26,45.89,45.22,1005.67,1009.72,63.86,29.39,,6
13.84,13.7,14.49,15.77,49.21,45.89,45.23,1005.67,1009.66,63.86,29.91,,6
13.84,13.69,14.49,15.77,49.18,45.87,45.25,1005.69,1009.67,63.69,29.87,,6
13.84,13.69,14.49,15.79,49.16,45.88,45.28,1005.69,1009.71,63.69,29.5,,6
13.84,13.71,14.5,15.79,49.18,45.89,45.29,1005.67,1009.69,63.86,29.67,,6
13.84,13.7,14.5,15.79,49.16,45.86,45.29,1005.67,1009.69,63.86,29.64,,6
13.85,13.7,14.5,15.8,49.14,45.85,45.28,1005.67,1009.66,63.86,29.92,,6
13.84,13.7,14.5,15.8,49.14,45.86,45.3,1005.67,1009.61,63.86,30.31,,6
13.82,13.69,14.5,15.8,49.09,45.81,45.25,1005.67,1009.6,63.86,30.4,,6
13.82,13.69,14.51,15.8,49.12,45.93,45.3,1005.65,1009.67,63.02,29.86,,6
13.8,13.7,14.51,15.8,49.16,46.02,45.32,1005.67,1009.64,63.86,30.11,,6
13.82,13.7,14.52,15.79,49.21,46.16,45.32,1005.67,1009.6,63.86,30.45,,6
13.82,13.68,14.52,15.8,49.31,46.37,45.35,1005.65,1009.65,63.02,30.02,,6
13.81,13.67,14.53,15.8,49.43,46.48,45.37,1005.63,1009.6,63.19,30.4,,6
13.78,13.67,14.53,15.8,49.45,46.55,45.35,1005.63,1009.68,63.19,29.76,,6
13.81,13.66,14.53,15.79,49.51,46.65,45.36,1005.63,1009.6,63.19,30.41,,6
13.8,13.66,14.53,15.8,49.68,46.82,45.37,1005.63,1009.54,63.19,30.97,,6
13.78,13.65,14.53,15.79,49.77,46.97,45.4,1005.61,1009.59,63.36,30.53,,6
13.8,13.64,14.53,15.8,49.95,47.12,45.47,1005.63,1009.55,63.19,30.81,,6
13.81,13.62,14.54,15.81,50.04,47.34,45.51,1005.61,1009.56,63.36,30.76,,6
13.8,13.61,14.54,15.79,50.18,47.39,45.5,1005.61,1009.57,63.36,30.72,,6
13.78,13.61,14.54,15.79,50.27,47.32,45.48,1005.61,1009.58,63.36,30.58,,6
13.81,13.61,14.54,15.79,50.29,47.15,45.51,1005.59,1009.65,63.53,30.02,,6
13.78,13.6,14.54,15.79,50.24,47.02,45.52,1005.59,1009.6,63.53,30.4,,6
13.81,13.59,14.54,15.78,50.23,46.97,45.56,1005.59,1009.62,63.53,30.26,,6
13.78,13.59,14.54,15.79,50.19,47.01,45.65,1005.59,1009.58,63.53,30.59,,6
13.78,13.59,14.54,15.8,50.21,46.92,45.63,1005.59,1009.62,63.53,30.23,,6
13.78,13.6,14.54,15.79,50.16,46.75,45.61,1005.59,1009.59,63.53,30.51,,6
13.78,13.6,14.55,15.79,50.12,46.53,45.63,1005.59,1009.6,63.53,30.4,,6
13.78,13.59,14.55,15.79,49.99,46.35,45.63,1005.59,1009.63,63.53,30.15,,6
13.77,13.59,14.55,15.78,49.87,46.23,45.6,1005.59,1009.6,63.53,30.44,,6
13.8,13.6,14.55,15.79,49.79,46.11,45.59,1005.63,1009.58,63.19,30.63,,6
13.81,13.62,14.55,15.78,49.67,46.01,45.54,1005.63,1009.56,63.19,30.79,,6
13.78,13.63,14.55,15.78,49.58,45.97,45.52,1005.63,1009.62,63.19,30.25,,6
13.77,13.64,14.55,15.78,49.5,46.08,45.5,1005.63,1009.54,63.19,30.93,,6
13.8,13.65,14.55,15.77,49.46,46.13,45.46,1005.63,1009.58,63.19,30.62,,6
13.8,13.67,14.55,15.78,49.46,46.01,45.46,1005.63,1009.63,63.19,30.16,,6
13.82,13.68,14.55,15.77,49.42,45.92,45.43,1005.59,1009.59,63.53,30.51,,6
13.81,13.68,14.55,15.76,49.38,45.79,45.39,1005.61,1009.54,63.36,30.91,,6
13.8,13.69,14.54,15.77,49.29,45.67,45.37,1005.61,1009.61,63.36,30.38,,6
13.78,13.69,14.54,15.77,49.17,45.62,45.35,1005.61,1009.61,63.36,30.36,,6
13.8,13.69,14.54,15.76,49.09,45.59,45.46,1005.61,1009.54,63.36,30.97,,6
13.78,13.69,14.54,15.77,49.03,45.67,45.4,1005.61,1009.63,63.36,30.17,,6
13.81,13.69,14.54,15.77,49.05,45.83,45.31,1005.61,1009.56,63.36,30.77,,6
13.81,13.72,14.54,15.76,49.11,45.91,45.2,1005.61,1009.63,63.36,30.16,,6
13.81,13.72,14.54,15.76,49.14,45.79,45.29,1005.61,1009.68,63.36,29.76,,6
13.82,13.74,14.54,15.76,49.11,45.6,45.23,1005.61,1009.64,63.36,30.11,,6
13.81,13.73,14.54,15.69,50.31,47.53,45.38,1006.04,1009.72,60.32,29.42,,6
13.77,13.71,14.54,15.69,50.4,47.57,45.48,1005.96,1009.7,60.99,29.59,,6
13.78,13.69,14.53,15.68,50.52,47.48,45.64,1005.88,1009.69,61.1,29.66,,6
13.77,13.68,14.52,15.69,50.58,47.54,45.62,1005.81,1009.63,62.68,30.18,,7
13.76,13.68,14.51,15.67,50.67,47.51,45.86,1005.79,1009.66,62.85,29.95,,7
13.76,13.67,14.51,15.67,50.69,47.62,45.76,1005.73,1009.63,62.35,30.16,,7
13.76,13.65,14.5,15.64,50.76,47.72,45.75,1005.73,1009.65,62.35,29.99,,7
13.73,13.64,14.49,15.64,50.87,47.91,45.95,1005.67,1009.51,63.86,31.16,,7
13.73,13.64,14.48,15.64,50.94,47.95,45.88,1005.65,1009.48,63.02,31.47,,7
13.73,13.65,14.47,15.64,51.05,48.02,45.91,1005.61,1009.5,63.36,31.24,,7
13.73,13.63,14.46,15.63,51.13,48.2,46.17,1005.61,1009.53,63.36,31.01,,7
13.71,13.61,14.45,15.63,51.19,48.4,46.13,1005.57,1009.52,64.13,31.11,,7
13.7,13.6,14.44,15.63,51.3,48.38,46.09,1005.57,1009.51,64.13,31.17,,7
13.67,13.6,14.43,15.65,51.4,47.91,46.16,1005.53,1009.6,64.47,30.46,,7
13.68,13.6,14.42,15.64,51.32,47.62,46.34,1005.53,1009.52,64.47,31.09,,7
13.7,13.61,14.42,15.64,51.27,47.51,46.35,1005.53,1009.56,64.47,30.77,,7
13.71,13.61,14.41,15.64,51.17,47.34,46.31,1005.51,1009.54,64.64,30.97,,7
13.71,13.62,14.41,15.66,51.06,46.98,46.33,1005.53,1009.57,64.47,30.64,,7
13.7,13.63,14.41,15.65,50.97,46.76,46.31,1005.53,1009.61,64.47,30.34,,7
13.7,13.63,14.41,15.66,50.82,46.65,46.3,1005.53,1009.57,64.47,30.66,,7
13.71,13.64,14.41,15.66,50.71,46.49,46.28,1005.53,1009.61,64.47,30.34,,7
13.68,13.65,14.41,15.65,50.57,46.38,46.26,1005.53,1009.62,64.47,30.23,,7
13.73,13.66,14.42,15.64,50.44,46.32,46.27,1005.55,1009.61,64.3,30.35,,7
13.68,13.66,14.42,15.64,50.36,46.3,46.23,1005.55,1009.56,64.3,30.78,,7
13.71,13.66,14.43,15.64,50.23,46.29,46.2,1005.55,1009.6,64.3,30.47,,7
13.71,13.66,14.44,15.65,50.16,46.24,46.16,1005.59,1009.56,63.53,30.77,,7
13.73,13.67,14.45,15.65,50.1,46.15,46.13,1005.57,1009.54,64.13,30.91,,7
13.7,13.67,14.46,15.65,50.07,46.17,46.08,1005.59,1009.55,63.53,30.84,,7
13.7,13.67,14.47,15.65,50,46.14,46.02,1005.59,1009.63,63.53,30.18,,7
13.7,13.69,14.47,15.65,49.92,46.15,45.98,1005.59,1009.59,63.53,30.48,,7
13.7,13.69,14.48,15.66,49.89,46.15,45.93,1005.59,1009.61,63.53,30.31,,7
13.7,13.69,14.49,15.66,49.87,46.2,45.89,1005.57,1009.59,64.13,30.48,,7
13.73,13.68,14.5,15.66,49.86,46.25,45.97,1005.59,1009.59,63.53,30.51,,7
13.71,13.68,14.5,15.66,49.87,46.33,45.82,1005.59,1009.62,63.53,30.24,,7
13.71,13.65,14.5,15.66,49.87,46.4,45.78,1005.59,1009.55,63.53,30.83,,7
13.68,13.64,14.51,15.66,49.92,46.66,45.77,1005.57,1009.6,64.13,30.4,,7
13.68,13.65,14.51,15.65,50,46.94,45.86,1005.57,1009.63,64.13,30.2,,7
13.71,13.64,14.5,15.65,50.07,47.17,45.84,1005.59,1009.58,63.53,30.61,,7
13.7,13.63,14.5,15.66,50.23,47.45,45.77,1005.59,1009.61,63.53,30.34,,7
13.71,13.61,14.5,15.65,50.38,47.64,45.89,1005.61,1009.65,63.36,30.01,,7
13.71,13.62,14.49,15.64,50.53,47.64,46,1005.61,1009.55,63.36,30.85,,7
13.68,13.6,14.49,15.64,50.62,47.74,46.01,1005.61,1009.64,63.36,30.11,,7
13.7,13.6,14.49,15.64,50.68,47.91,46.08,1005.59,1009.63,63.53,30.18,,7
13.68,13.58,14.48,15.63,50.8,48.03,45.89,1005.61,1009.63,63.36,30.21,,7
13.67,13.56,14.48,15.63,50.93,48.02,45.93,1005.59,1009.59,63.53,30.47,,7
13.66,13.56,14.48,15.63,51.02,47.99,46.01,1005.61,1009.64,63.36,30.13,,7
13.66,13.56,14.47,15.63,51.07,47.97,46.11,1005.61,1009.59,63.36,30.54,,7
13.7,13.54,14.47,15.62,51.08,48,46.13,1005.59,1009.59,63.53,30.54,,7
13.67,13.53,14.47,15.61,51.14,47.87,46.18,1005.59,1009.6,63.53,30.46,,7
13.66,13.53,14.47,15.61,51.09,47.61,46.15,1005.59,1009.57,63.53,30.64,,7
13.64,13.53,14.46,15.61,51.05,47.35,46.17,1005.59,1009.53,63.53,30.99,,7
13.67,13.53,14.46,15.61,51.01,47.27,46.23,1005.61,1009.52,63.36,31.13,,7
13.66,13.54,14.46,15.6,50.9,47.26,46.28,1005.61,1009.57,63.36,30.68,,7
13.68,13.54,14.46,15.6,50.85,47.17,46.19,1005.61,1009.54,63.36,30.93,,7
13.64,13.54,14.46,15.6,50.79,47.22,46.18,1005.59,1009.51,63.53,31.18,,7
13.67,13.53,14.46,15.59,50.74,47.32,46.17,1005.59,1009.53,63.53,30.99,,7
13.63,13.53,14.45,15.6,50.72,47.41,46.23,1005.59,1009.55,63.53,30.82,,7
13.66,13.53,14.45,15.59,50.79,47.47,46.27,1005.55,1009.49,64.3,31.34,,7
13.61,13.53,14.44,15.6,50.8,47.59,46.22,1005.55,1009.49,64.3,31.38,,8
13.64,13.53,14.44,15.6,50.8,47.71,46.16,1005.55,1009.49,64.3,31.34,,8
13.66,13.52,14.44,15.6,50.87,47.79,46.14,1005.55,1009.46,64.3,31.61,,8
13.66,13.52,14.44,15.59,50.92,47.67,46.2,1005.53,1009.43,64.47,31.83,,8
13.67,13.52,14.43,15.6,50.93,47.54,46.28,1005.49,1009.51,64.8,31.18,,8
13.67,13.51,14.43,15.59,50.89,47.33,46.18,1005.49,1009.46,64.8,31.59,,8
13.64,13.52,14.43,15.6,50.81,47.16,46.18,1005.49,1009.48,64.8,31.47,,8
13.63,13.52,14.43,15.6,50.74,47,46.24,1005.49,1009.48,64.8,31.45,,8
13.67,13.53,14.43,15.59,50.65,46.9,46.26,1005.47,1009.45,64.97,31.66,,8
13.66,13.5,14.43,15.6,50.57,46.81,46.2,1005.47,1009.46,64.97,31.62,,8
13.64,13.51,14.43,15.6,50.49,46.82,46.13,1005.47,1009.4,64.97,32.08,,8
13.64,13.52,14.43,15.6,50.41,46.68,46.1,1005.45,1009.37,65.14,32.32,,8
13.63,13.52,14.43,15.58,50.3,46.65,46.22,1005.45,1009.45,65.14,31.68,,8
13.67,13.53,14.43,15.58,50.27,46.49,46.22,1005.45,1009.47,65.14,31.48,,8
13.64,13.55,14.43,15.58,50.18,46.4,46.2,1005.45,1009.5,65.14,31.26,,8
13.67,13.55,14.43,15.58,50.07,46.38,46.05,1005.45,1009.37,65.14,32.35,,8
13.64,13.56,14.43,15.58,50.03,46.34,46.01,1005.45,1009.5,65.14,31.26,,8
13.64,13.55,14.43,15.58,49.97,46.27,45.97,1005.45,1009.47,65.14,31.49,,8
13.66,13.55,14.44,15.58,49.89,46.15,45.87,1005.49,1009.52,64.8,31.08,,8
13.64,13.56,14.44,15.58,49.8,46.03,45.89,1005.49,1009.41,64.8,31.98,,8
13.66,13.57,14.44,15.58,49.71,46,45.84,1005.47,1009.44,64.97,31.75,,8
13.66,13.56,14.45,15.58,49.66,45.98,45.82,1005.45,1009.46,65.14,31.57,,8
13.64,13.56,14.45,15.58,49.6,46.02,45.73,1005.49,1009.44,64.8,31.73,,8
13.64,13.57,14.46,15.58,49.5,45.99,45.69,1005.47,1009.46,64.97,31.58,,8
13.66,13.56,14.47,15.58,49.51,45.97,45.66,1005.47,1009.49,64.97,31.33,,8
13.67,13.55,14.47,15.58,49.45,45.95,45.65,1005.47,1009.5,64.97,31.3,,8
13.61,13.56,14.48,15.58,49.44,45.96,45.6,1005.51,1009.49,64.64,31.32,,8
13.64,13.55,14.48,15.57,49.42,45.91,45.57,1005.49,1009.48,64.8,31.46,,8
13.64,13.55,14.49,15.57,49.36,45.86,45.48,1005.51,1009.43,64.64,31.82,,8
13.63,13.56,14.49,15.57,49.34,45.82,45.43,1005.51,1009.46,64.64,31.63,,8
13.63,13.54,14.49,15.57,49.34,45.79,45.4,1005.51,1009.49,64.64,31.32,,8
13.61,13.54,14.49,15.56,49.24,45.79,45.39,1005.51,1009.51,64.64,31.21,,8
13.61,13.55,14.49,15.56,49.23,45.82,45.35,1005.53,1009.56,64.47,30.78,,8
13.61,13.56,14.49,15.56,49.25,45.89,45.29,1005.55,1009.48,64.3,31.44,,8
13.64,13.55,14.49,15.56,49.23,46.07,45.27,1005.55,1009.52,64.3,31.11,,8
13.64,13.56,14.5,15.56,49.32,46.2,45.23,1005.55,1009.53,64.3,31,,8
13.61,13.57,14.5,15.56,49.36,46.35,45.25,1005.55,1009.6,64.3,30.45,,8
13.64,13.57,14.5,15.56,49.41,46.6,45.24,1005.55,1009.55,64.3,30.87,,8
13.63,13.56,14.5,15.55,49.53,46.82,45.23,1005.55,1009.56,64.3,30.73,,8
13.61,13.56,14.5,15.55,49.71,46.97,45.24,1005.53,1009.53,64.47,31.03,,8
13.61,13.56,14.5,15.55,49.86,47.08,45.26,1005.53,1009.55,64.47,30.83,,8
13.6,13.55,14.5,15.55,49.98,47.15,45.3,1005.55,1009.5,64.3,31.25,,8
13.6,13.56,14.5,15.55,50.1,47.26,45.33,1005.53,1009.43,64.47,31.84,,8
13.61,13.55,14.5,15.54,50.26,47.35,45.36,1005.53,1009.51,64.47,31.15,,8
13.6,13.52,14.5,15.55,50.36,47.36,45.42,1005.53,1009.55,64.47,30.82,,8
13.61,13.54,14.5,15.54,50.41,47.3,45.58,1005.55,1009.5,64.3,31.24,,8
13.61,13.55,14.49,15.54,50.43,47.2,45.58,1005.55,1009.5,64.3,31.25,,8
13.61,13.56,14.49,15.54,50.47,46.97,45.49,1005.55,1009.54,64.3,30.89,,8
13.64,13.57,14.49,15.54,50.42,46.7,45.51,1005.55,1009.49,64.3,31.32,,8
13.61,13.57,14.49,15.55,50.37,46.55,45.53,1005.53,1009.55,64.47,30.81,,8
13.63,13.56,14.48,15.54,50.3,46.51,45.55,1005.53,1009.56,64.47,30.76,,8
13.6,13.57,14.48,15.54,50.23,46.44,45.55,1005.55,1009.57,64.3,30.64,,8
13.61,13.57,14.48,15.54,50.18,46.31,45.51,1005.55,1009.52,64.3,31.06,,8
13.61,13.57,14.47,15.54,50.06,46.2,45.5,1005.55,1009.6,64.3,30.45,,8
13.6,13.58,14.47,15.55,50.01,46.13,45.48,1005.55,1009.48,64.3,31.42,,8
13.61,13.58,14.47,15.55,49.98,46.09,45.47,1005.55,1009.49,64.3,31.31,,8
13.63,13.58,14.47,15.55,49.91,46.06,45.46,1005.55,1009.51,64.3,31.19,,8
13.64,13.59,14.47,15.56,49.83,46.01,45.44,1005.55,1009.57,64.3,30.68,,8
13.63,13.6,14.47,15.55,49.77,45.9,45.41,1005.55,1009.51,64.3,31.15,,8
13.61,13.6,14.47,15.56,49.73,45.88,45.38,1005.57,1009.48,64.13,31.46,,8
13.63,13.62,14.47,15.55,49.64,45.89,45.35,1005.57,1009.54,64.13,30.9,,8
13.63,13.62,14.48,15.55,49.61,45.92,45.35,1005.57,1009.51,64.13,31.2,,8
13.64,13.61,14.47,15.56,49.59,45.88,45.34,1005.57,1009.5,64.13,31.28,,8
13.66,13.62,14.47,15.56,49.59,45.9,45.31,1005.57,1009.49,64.13,31.35,,8
13.66,13.62,14.48,15.55,49.56,45.88,45.34,1005.55,1009.55,64.3,30.81,,8
13.64,13.62,14.48,15.56,49.54,45.91,45.39,1005.55,1009.47,64.3,31.53,,8
13.66,13.61,14.48,15.56,49.51,45.88,45.27,1005.55,1009.47,64.3,31.48,,8
13.67,13.63,14.48,15.56,49.47,45.88,45.34,1005.55,1009.48,64.3,31.45,,8
13.67,13.63,14.48,15.56,49.41,45.84,45.36,1005.55,1009.46,64.3,31.56,,8
13.66,13.61,14.48,15.56,49.44,45.81,45.35,1005.55,1009.48,64.3,31.4,,8
13.66,13.61,14.48,15.56,49.36,45.78,45.31,1005.53,1009.51,64.47,31.16,,8
13.67,13.62,14.48,15.56,49.37,45.74,45.33,1005.53,1009.54,64.47,30.93,,8
13.68,13.62,14.48,15.56,49.3,45.73,45.31,1005.53,1009.45,64.47,31.66,,8
13.68,13.59,14.48,15.56,49.33,45.78,45.24,1005.53,1009.49,64.47,31.33,,8
13.68,13.6,14.48,15.56,49.27,45.77,45.26,1005.53,1009.46,64.47,31.6,,8
13.68,13.61,14.48,15.55,49.24,45.86,45.18,1005.53,1009.46,64.47,31.57,,8
13.7,13.61,14.48,15.55,49.24,45.87,45.21,1005.53,1009.45,64.47,31.7,,8
13.68,13.64,14.48,15.54,49.26,45.93,45.13,1005.53,1009.43,64.47,31.88,,8
13.7,13.64,14.49,15.55,49.25,45.93,45.19,1005.51,1009.48,64.64,31.4,,8
13.7,13.63,14.49,15.56,49.23,45.96,45.19,1005.51,1009.46,64.64,31.61,,8
13.71,13.63,14.49,15.56,49.28,45.97,45.19,1005.51,1009.42,64.64,31.96,,8
13.7,13.64,14.49,15.56,49.26,45.89,45.23,1005.53,1009.52,64.47,31.09,,8
13.71,13.64,14.49,15.56,49.31,45.9,45.13,1005.55,1009.49,64.3,31.35,,8
13.71,13.66,14.49,15.56,49.28,45.83,45.22,1005.55,1009.47,64.3,31.53,,8
13.73,13.65,14.49,15.56,49.29,45.8,45.21,1005.55,1009.45,64.3,31.72,,8
13.71,13.65,14.49,15.55,49.26,45.73,45.21,1005.53,1009.44,64.47,31.76,,8
13.71,13.67,14.5,15.56,49.19,45.74,45.08,1005.55,1009.55,64.3,30.83,,8
13.73,13.67,14.49,15.55,49.18,45.73,45.17,1005.55,1009.48,64.3,31.39,,8
13.71,13.67,14.49,15.55,49.18,45.71,45.18,1005.55,1009.5,64.3,31.28,,8
13.71,13.67,14.49,15.54,49.24,45.73,45.18,1005.55,1009.49,64.3,31.37,,8
13.71,13.67,14.5,15.54,49.23,45.77,45.11,1005.55,1009.49,64.3,31.34,,8
13.73,13.68,14.5,15.54,49.22,45.76,45.08,1005.55,1009.47,64.3,31.52,,8
13.71,13.67,14.5,15.55,49.25,45.79,45.04,1005.55,1009.47,64.3,31.47,,8
13.7,13.67,14.5,15.55,49.23,45.77,45.11,1005.53,1009.45,64.47,31.67,,8
13.7,13.65,14.5,15.55,49.25,45.75,45.04,1005.53,1009.51,64.47,31.16,,8
13.73,13.66,14.5,15.55,49.2,45.7,45.12,1005.53,1009.49,64.47,31.39,,8
13.7,13.64,14.51,15.55,49.22,45.68,45.12,1005.53,1009.48,64.47,31.43,,8
13.71,13.64,14.51,15.55,49.23,45.71,45.15,1005.55,1009.48,64.3,31.44,,8
13.71,13.63,14.51,15.54,49.2,45.81,45.07,1005.53,1009.52,64.47,31.06,,8
13.71,13.64,14.51,15.54,49.2,45.86,45.08,1005.53,1009.47,64.47,31.5,,8
13.71,13.62,14.51,15.55,49.19,45.87,45.11,1005.53,1009.49,64.47,31.34,,8
13.7,13.63,14.5,15.54,49.24,45.91,45.04,1005.53,1009.5,64.47,31.23,,8
13.71,13.63,14.5,15.55,49.24,45.92,45.12,1005.53,1009.52,64.47,31.07,,8
13.68,13.63,14.5,15.54,49.27,45.96,44.99,1005.53,1009.48,64.47,31.41,,8
13.73,13.64,14.51,15.55,49.27,46.01,45.1,1005.53,1009.41,64.47,31.99,,8
13.73,13.64,14.5,15.53,49.3,45.98,44.93,1005.51,1009.54,64.64,30.91,,8
13.74,13.67,14.5,15.54,49.32,46.04,44.99,1005.53,1009.75,64.47,29.19,,8
